                  epoch,         train/box_loss,         train/cls_loss,         train/dfl_loss,   metrics/precision(B),      metrics/recall(B),       metrics/mAP50(B),    metrics/mAP50-95(B),           val/box_loss,           val/cls_loss,           val/dfl_loss,                 lr/pg0,                 lr/pg1,                 lr/pg2
                      1,                0.71232,                0.50933,                 1.0613,                0.89776,                0.84336,                0.87959,                0.69401,                0.85351,                0.65034,                 1.0479,               6.25e-05,               6.25e-05,               6.25e-05
                      2,                0.65694,                0.47683,                 1.0414,                0.85274,                 0.8805,                0.86243,                0.71862,                0.79813,                 0.6641,                 1.0321,             0.00013696,             0.00013696,             0.00013696
                      3,                0.60559,                0.44594,                0.99553,                 0.9158,                0.82691,                0.85388,                0.71271,                0.80222,                0.71531,                 1.0477,             0.00021082,             0.00021082,             0.00021082
                      4,                0.62681,                0.43954,                 1.0156,                0.87461,                0.82897,                0.86623,                0.71092,                0.80275,                0.71859,                   1.05,             0.00028408,             0.00028408,             0.00028408
                      5,                0.54638,                0.40839,                0.94923,                0.85924,                0.80076,                 0.8462,                0.67046,                 0.8225,                0.83367,                 1.0601,             0.00035676,             0.00035676,             0.00035676
                      6,                0.59082,                0.48069,                0.98807,                0.78088,                0.82806,                 0.8594,                0.67251,                0.86101,                0.77864,                 1.0789,             0.00042884,             0.00042884,             0.00042884
                      7,                0.54262,                0.41648,                0.95901,                0.81169,                0.88075,                0.89781,                0.71392,                0.87646,                0.63923,                 1.1097,             0.00050032,             0.00050032,             0.00050032
                      8,                0.59721,                0.44316,                0.96687,                0.87258,                0.83856,                0.89165,                0.71724,                0.86822,                0.62796,                 1.1003,             0.00057121,             0.00057121,             0.00057121
                      9,                0.58976,                0.45888,                0.95158,                0.82301,                0.72962,                0.82439,                0.67017,                0.90545,                0.73139,                 1.1067,             0.00064151,             0.00064151,             0.00064151
                     10,                 0.5586,                0.46138,                0.96035,                0.87956,                0.69212,                0.81762,                0.65833,                0.88662,                0.73193,                 1.1047,             0.00071122,             0.00071122,             0.00071122
                     11,                0.62579,                0.47781,                0.98099,                0.74724,                0.73492,                0.82661,                0.65731,                0.89131,                0.75588,                 1.0914,             0.00078033,             0.00078033,             0.00078033
                     12,                0.58521,                0.45496,                 0.9562,                 0.5885,                0.59677,                0.69433,                0.54598,                 0.9787,                0.99034,                 1.1733,             0.00084884,             0.00084884,             0.00084884
                     13,                0.53289,                0.43109,                0.93572,                0.84188,                0.49905,                0.54942,                0.44505,                  1.023,                 1.4053,                 1.2283,             0.00091676,             0.00091676,             0.00091676
                     14,                0.54688,                0.44483,                  0.944,                0.84082,                0.53041,                0.58368,                0.46216,                 1.0994,                 1.6144,                 1.2519,             0.00098409,             0.00098409,             0.00098409
                     15,                 0.5885,                0.45511,                0.96608,                0.84308,                0.55761,                0.61628,                0.47757,                 1.1232,                 1.6459,                 1.2881,              0.0010508,              0.0010508,              0.0010508
                     16,                0.57268,                0.43982,                0.94712,                0.88791,                0.59225,                0.67357,                 0.5064,                 1.0557,                 1.2149,                 1.2222,               0.001117,               0.001117,               0.001117
                     17,                 0.5595,                0.44254,                0.96053,                0.75431,                0.64214,                 0.7079,                 0.5073,                  1.073,                 1.0728,                 1.2605,              0.0011708,              0.0011708,              0.0011708
                     18,                0.56585,                0.43965,                0.93229,                0.73018,                0.80832,                0.81997,                0.61367,                 0.9953,                0.78473,                 1.2237,              0.0011708,              0.0011708,              0.0011708
                     19,                 0.5781,                0.45427,                0.95093,                0.79881,                 0.7952,                0.85247,                0.63387,                0.98791,                0.75477,                 1.2098,              0.0011658,              0.0011658,              0.0011658
                     20,                0.59523,                 0.4488,                0.96345,                0.69849,                 0.7374,                0.80159,                0.57363,                 1.0634,                 1.0196,                 1.2473,              0.0011609,              0.0011609,              0.0011609
                     21,                0.60614,                0.47041,                0.96619,                0.78391,                0.79882,                0.85493,                0.63159,                 1.0116,                  0.888,                 1.2099,              0.0011559,              0.0011559,              0.0011559
                     22,                 0.5881,                0.44678,                0.95057,                0.88293,                0.78934,                0.88449,                0.66291,                 1.0086,                0.82013,                 1.2253,               0.001151,               0.001151,               0.001151
                     23,                0.63454,                0.47355,                0.99926,                0.90348,                0.80932,                0.87084,                0.67436,                0.95052,                0.77931,                 1.1636,              0.0011461,              0.0011461,              0.0011461
                     24,                0.58906,                0.44812,                 0.9304,                0.82892,                0.85125,                0.88257,                0.69034,                 0.9588,                0.75165,                 1.1762,              0.0011411,              0.0011411,              0.0011411
                     25,                0.58911,                0.48026,                0.95888,                0.91999,                0.81926,                0.88392,                0.68131,                0.99497,                  0.767,                 1.2117,              0.0011362,              0.0011362,              0.0011362
                     26,                0.60713,                0.48619,                0.98059,                0.85578,                0.76544,                0.83891,                0.67435,                0.93121,                0.84431,                 1.1866,              0.0011312,              0.0011312,              0.0011312
                     27,                0.60438,                0.46771,                 0.9687,                0.94635,                0.62002,                0.79428,                0.62956,                0.88243,                  0.955,                 1.1519,              0.0011263,              0.0011263,              0.0011263
                     28,                 0.5913,                0.46011,                0.96699,                0.88276,                0.67957,                0.81843,                0.64289,                 0.9205,                0.95836,                 1.1805,              0.0011213,              0.0011213,              0.0011213
                     29,                 0.5718,                0.46623,                0.97413,                 0.9003,                0.74155,                0.87905,                0.66497,                0.96021,                0.75364,                 1.1907,              0.0011164,              0.0011164,              0.0011164
                     30,                0.57362,                0.44209,                0.94757,                0.80654,                0.86326,                0.90408,                0.68445,                0.93325,                0.67821,                 1.1972,              0.0011114,              0.0011114,              0.0011114
                     31,                0.60585,                0.46672,                0.95203,                0.85952,                0.78688,                0.88811,                0.66376,                0.96766,                  0.694,                 1.2277,              0.0011065,              0.0011065,              0.0011065
                     32,                0.55628,                0.44039,                0.93244,                0.88405,                0.86038,                0.90604,                0.67439,                0.91389,                0.64339,                 1.1679,              0.0011015,              0.0011015,              0.0011015
                     33,                 0.5606,                0.43931,                0.93542,                0.85218,                0.88527,                0.90738,                0.69454,                0.90223,                0.69544,                 1.1634,              0.0010965,              0.0010965,              0.0010965
                     34,                0.55304,                0.43863,                 0.9729,                0.88529,                0.83627,                0.88119,                0.68835,                0.89421,                0.74101,                 1.1452,              0.0010916,              0.0010916,              0.0010916
                     35,                 0.5808,                0.46907,                0.94211,                 0.9351,                0.78792,                0.84187,                 0.6678,                0.89221,                0.71936,                 1.1447,              0.0010866,              0.0010866,              0.0010866
                     36,                0.60456,                0.47635,                0.98688,                0.93714,                0.78973,                0.86655,                0.68657,                0.89285,                0.69424,                  1.146,              0.0010817,              0.0010817,              0.0010817
                     37,                0.54823,                0.41149,                0.91829,                0.81431,                0.81237,                 0.8582,                0.68907,                0.89651,                0.71653,                 1.1281,              0.0010768,              0.0010768,              0.0010768
                     38,                0.55589,                0.44967,                0.94131,                0.87093,                0.77592,                0.84047,                0.64065,                0.97872,                0.75261,                 1.1595,              0.0010718,              0.0010718,              0.0010718
                     39,                0.54778,                0.42756,                0.94112,                0.86275,                0.78092,                0.85417,                0.63478,                0.99319,                0.72058,                 1.1657,              0.0010669,              0.0010669,              0.0010669
                     40,                0.57113,                0.43353,                0.93584,                0.86404,                0.79186,                0.87726,                0.67881,                0.97539,                0.73728,                 1.1852,              0.0010619,              0.0010619,              0.0010619
                     41,                0.61066,                0.47369,                0.96124,                0.83972,                0.81415,                 0.8614,                0.66855,                0.96036,                0.75332,                 1.1878,               0.001057,               0.001057,               0.001057
                     42,                0.54857,                0.44028,                0.93767,                0.89887,                0.82867,                0.89592,                0.67025,                0.97162,                0.70934,                 1.2101,               0.001052,               0.001052,               0.001052
                     43,                0.58291,                0.46181,                0.96842,                0.79515,                0.86372,                0.89548,                0.67179,                0.94754,                0.66832,                 1.1867,               0.001047,               0.001047,               0.001047
                     44,                 0.5725,                0.43635,                0.93197,                0.93698,                0.73541,                0.87254,                0.67766,                0.89583,                 0.7364,                 1.1631,              0.0010421,              0.0010421,              0.0010421
                     45,                0.57374,                0.45581,                0.97357,                0.88497,                0.78506,                0.88895,                0.72448,                0.87744,                0.69205,                 1.1516,              0.0010372,              0.0010372,              0.0010372
                     46,                0.53357,                0.45652,                0.96089,                 0.7367,                0.69489,                0.75515,                0.60967,                0.96832,                 1.0097,                 1.1792,              0.0010322,              0.0010322,              0.0010322
                     47,                0.56866,                0.45504,                0.94405,                0.77914,                0.61041,                 0.6892,                0.56956,                0.97757,                 1.0756,                 1.1948,              0.0010273,              0.0010273,              0.0010273
                     48,                0.57341,                0.42674,                0.94468,                0.88525,                0.47916,                0.56304,                 0.4486,                 1.1201,                 1.4397,                 1.3213,              0.0010223,              0.0010223,              0.0010223
                     49,                0.56943,                0.46364,                0.94229,                0.87754,                0.46983,                0.56541,                0.44422,                 1.1122,                 1.2776,                 1.3089,              0.0010173,              0.0010173,              0.0010173
                     50,                0.53664,                0.43732,                0.92304,                0.86731,                0.53033,                0.68044,                0.51669,                 1.1004,                 1.1114,                  1.288,              0.0010124,              0.0010124,              0.0010124
                     51,                0.55208,                0.42306,                0.93361,                0.85531,                0.68451,                0.77298,                0.61959,                 1.0247,                0.89137,                 1.2781,              0.0010075,              0.0010075,              0.0010075
                     52,                0.53658,                  0.398,                0.92791,                0.93239,                0.78807,                0.88527,                0.69587,                0.91329,                0.66455,                 1.1857,              0.0010025,              0.0010025,              0.0010025
                     53,                0.51769,                0.40616,                0.92949,                0.91203,                0.83413,                0.89643,                0.71256,                0.88675,                0.61164,                 1.1525,             0.00099755,             0.00099755,             0.00099755
                     54,                0.50298,                0.40686,                0.92807,                0.93762,                0.79687,                0.87262,                0.68462,                0.94648,                0.64566,                 1.1556,              0.0009926,              0.0009926,              0.0009926
                     55,                0.55297,                0.43141,                0.94534,                0.91392,                0.78966,                0.85502,                0.66763,                0.92773,                0.66094,                 1.1549,             0.00098765,             0.00098765,             0.00098765
                     56,                0.52642,                0.40935,                0.93275,                0.78134,                0.67866,                0.72729,                0.58415,                0.96595,                  0.746,                 1.2112,              0.0009827,              0.0009827,              0.0009827
                     57,                0.54405,                0.43558,                 0.9407,                0.88245,                0.75543,                0.83738,                0.64264,                0.95793,                0.69642,                 1.1703,             0.00097775,             0.00097775,             0.00097775
                     58,                0.53456,                0.41481,                0.93744,                0.91046,                0.79911,                0.87043,                 0.6955,                0.88225,                0.67253,                 1.1122,              0.0009728,              0.0009728,              0.0009728
                     59,                0.53631,                0.44022,                0.94932,                 0.8986,                0.80073,                0.86137,                 0.6857,                0.89991,                0.68095,                 1.1286,             0.00096785,             0.00096785,             0.00096785
                     60,                0.56072,                0.39415,                 0.9425,                0.92961,                0.80464,                 0.8614,                0.66986,                 0.8887,                0.70533,                 1.1315,              0.0009629,              0.0009629,              0.0009629
                     61,                0.52122,                0.43688,                0.94454,                0.95548,                0.81221,                 0.8757,                0.67097,                0.90899,                0.66625,                 1.1525,             0.00095795,             0.00095795,             0.00095795
                     62,                0.50102,                0.37499,                0.91599,                0.97613,                0.80772,                0.88135,                0.67169,                0.90654,                0.65498,                 1.1496,               0.000953,               0.000953,               0.000953
                     63,                0.54195,                0.41697,                0.95347,                0.93913,                0.80828,                0.87779,                0.69001,                 0.8792,                0.63033,                 1.1387,             0.00094805,             0.00094805,             0.00094805
                     64,                0.47865,                0.36788,                0.90371,                0.93312,                 0.8338,                0.88266,                0.71245,                0.85898,                0.67219,                 1.1451,              0.0009431,              0.0009431,              0.0009431
                     65,                0.51649,                0.41401,                0.92599,                0.96174,                0.82729,                0.89133,                0.72603,                0.85373,                0.65664,                  1.155,             0.00093815,             0.00093815,             0.00093815
                     66,                0.51479,                0.40205,                0.92352,                0.93986,                   0.83,                0.87306,                0.70598,                0.86222,                 0.7265,                 1.1536,              0.0009332,              0.0009332,              0.0009332
                     67,                0.49454,                0.40625,                 0.9267,                0.88646,                 0.8211,                0.86537,                0.69732,                0.85124,                0.75999,                 1.1362,             0.00092825,             0.00092825,             0.00092825
                     68,                0.50099,                0.39309,                0.93091,                0.88156,                0.76466,                0.85567,                0.69406,                0.89916,                0.74308,                 1.1604,              0.0009233,              0.0009233,              0.0009233
                     69,                 0.5184,                0.39859,                0.91958,                0.80105,                0.80697,                0.85534,                0.69268,                0.93456,                0.80353,                 1.1782,             0.00091835,             0.00091835,             0.00091835
                     70,                 0.5142,                0.37647,                0.93372,                0.93123,                0.76911,                0.86992,                0.68167,                0.93996,                0.74365,                 1.1916,              0.0009134,              0.0009134,              0.0009134
                     71,                0.49001,                0.38969,                0.91526,                0.89201,                0.83985,                0.89136,                0.69631,                 0.9473,                0.70313,                 1.1957,             0.00090845,             0.00090845,             0.00090845
                     72,                0.54641,                0.43074,                0.92866,                0.91924,                0.86767,                  0.913,                0.69758,                0.96604,                0.72993,                 1.1799,              0.0009035,              0.0009035,              0.0009035
                     73,                0.50359,                 0.4039,                0.92635,                0.90726,                0.86767,                0.90555,                0.71225,                0.95041,                0.73443,                 1.1515,             0.00089855,             0.00089855,             0.00089855
                     74,                0.52001,                0.38709,                0.91325,                0.96113,                0.83338,                0.90328,                0.71692,                0.95145,                0.73185,                 1.1448,              0.0008936,              0.0008936,              0.0008936
                     75,                0.49409,                0.39108,                0.92631,                 0.9525,                 0.8131,                0.90374,                0.71153,                0.89864,                0.69424,                 1.1203,             0.00088865,             0.00088865,             0.00088865
                     76,                 0.4547,                0.35323,                0.89895,                0.94056,                0.80187,                0.88484,                0.71148,                 0.8809,                0.68569,                 1.1079,              0.0008837,              0.0008837,              0.0008837
                     77,                 0.5143,                0.40291,                0.94085,                0.94138,                0.80943,                0.88483,                0.71025,                 0.8996,                0.67688,                 1.1278,             0.00087875,             0.00087875,             0.00087875
                     78,                0.49017,                0.36942,                0.90631,                0.95822,                0.80302,                0.88656,                0.69537,                0.90604,                0.65375,                 1.1309,              0.0008738,              0.0008738,              0.0008738
                     79,                0.50695,                0.39351,                0.94019,                0.93253,                0.78864,                0.88054,                0.70077,                 0.8891,                 0.6845,                 1.1282,             0.00086885,             0.00086885,             0.00086885
                     80,                0.49256,                0.37515,                0.90737,                0.94349,                 0.7346,                0.84472,                0.69214,                 0.8801,                 0.7299,                 1.1184,              0.0008639,              0.0008639,              0.0008639
                     81,                0.47331,                0.37273,                0.92658,                0.94271,                0.74395,                0.85006,                 0.6758,                0.86279,                0.77241,                 1.1065,             0.00085895,             0.00085895,             0.00085895
                     82,                  0.491,                0.40745,                0.92999,                0.94128,                0.72229,                0.84395,                 0.6822,                0.85633,                0.80253,                 1.0897,               0.000854,               0.000854,               0.000854
                     83,                0.50745,                0.38351,                 0.9199,                0.90767,                0.80652,                0.86438,                0.70477,                0.85055,                0.78476,                 1.0847,             0.00084905,             0.00084905,             0.00084905
                     84,                0.51041,                0.39526,                0.91837,                 0.8929,                0.83592,                0.88849,                0.71957,                0.88196,                0.68211,                 1.0825,              0.0008441,              0.0008441,              0.0008441
                     85,                0.47713,                0.36551,                0.90566,                0.86967,                 0.8386,                0.90138,                0.73216,                0.86339,                0.65114,                 1.0744,             0.00083915,             0.00083915,             0.00083915
                     86,                0.49981,                0.36386,                0.94213,                0.88361,                0.88308,                0.90705,                0.73685,                0.87691,                0.63456,                 1.0957,              0.0008342,              0.0008342,              0.0008342
                     87,                0.47877,                0.37562,                0.92261,                0.91208,                0.83936,                 0.9049,                0.72244,                0.87856,                 0.6236,                 1.0985,             0.00082925,             0.00082925,             0.00082925
                     88,                 0.5107,                0.39075,                0.91634,                0.90716,                0.86354,                0.91392,                0.71938,                0.87737,                0.60055,                 1.1128,              0.0008243,              0.0008243,              0.0008243
                     89,                0.52392,                0.41549,                0.93265,                0.88281,                0.85537,                0.90584,                0.72684,                0.84492,                0.58243,                 1.0924,             0.00081935,             0.00081935,             0.00081935
                     90,                0.50053,                0.40117,                0.94975,                0.93114,                0.84731,                0.91429,                0.72782,                0.86113,                0.59153,                 1.0876,              0.0008144,              0.0008144,              0.0008144
                     91,                0.46406,                0.36377,                0.90237,                0.92875,                0.84516,                0.90865,                0.73312,                 0.8867,                0.60633,                 1.1066,             0.00080945,             0.00080945,             0.00080945
                     92,                0.46684,                 0.3715,                0.89456,                0.94985,                0.81881,                0.91736,                0.72892,                0.90475,                0.62749,                 1.1244,              0.0008045,              0.0008045,              0.0008045
                     93,                0.47895,                0.38779,                 0.9151,                0.96217,                0.80161,                0.92007,                0.75084,                0.86585,                0.60199,                 1.1015,             0.00079955,             0.00079955,             0.00079955
                     94,                0.45952,                 0.3732,                0.90732,                0.91635,                 0.8088,                0.90227,                0.73894,                0.88761,                0.61787,                 1.1242,              0.0007946,              0.0007946,              0.0007946
                     95,                 0.5046,                0.38384,                0.90791,                0.92397,                0.81151,                0.90296,                0.72613,                  0.877,                0.61017,                 1.1059,             0.00078965,             0.00078965,             0.00078965
                     96,                 0.4686,                0.36332,                 0.9181,                 0.9073,                0.82477,                0.89267,                0.72501,                0.86355,                0.65134,                 1.0854,              0.0007847,              0.0007847,              0.0007847
                     97,                0.50707,                0.38085,                0.93851,                0.93345,                0.77324,                0.87841,                0.69853,                 0.8802,                0.67242,                 1.1008,             0.00077975,             0.00077975,             0.00077975
                     98,                0.47421,                0.37725,                0.90846,                0.90206,                0.78038,                 0.8637,                0.67803,                0.92586,                0.68016,                 1.1396,              0.0007748,              0.0007748,              0.0007748
                     99,                0.46222,                0.35566,                0.91479,                0.90569,                0.80073,                0.87077,                0.67705,                0.87833,                0.65991,                 1.1109,             0.00076985,             0.00076985,             0.00076985
                    100,                0.44893,                0.34208,                0.89763,                0.92219,                0.80073,                0.87514,                0.69847,                0.84739,                0.66781,                 1.0891,              0.0007649,              0.0007649,              0.0007649
                    101,                0.45151,                0.37092,                0.89963,                0.91262,                0.81686,                0.88095,                0.67957,                0.85654,                0.71049,                 1.0924,             0.00075995,             0.00075995,             0.00075995
                    102,                0.46652,                0.36174,                0.89991,                0.94593,                0.79267,                0.88676,                0.71773,                0.86763,                0.62753,                 1.0987,               0.000755,               0.000755,               0.000755
                    103,                 0.4568,                0.35776,                0.90595,                0.97233,                0.79345,                0.89524,                0.72179,                0.88403,                0.62753,                 1.1211,             0.00075005,             0.00075005,             0.00075005
                    104,                0.44842,                0.36609,                0.88189,                0.96844,                0.77042,                0.87443,                0.70787,                 0.8907,                0.71431,                 1.1219,              0.0007451,              0.0007451,              0.0007451
                    105,                0.47737,                0.36715,                0.92698,                 0.9266,                0.76767,                0.88528,                0.70331,                0.90472,                0.74959,                  1.139,             0.00074015,             0.00074015,             0.00074015
                    106,                0.46214,                0.35006,                0.90744,                0.92295,                0.77953,                0.90654,                0.74808,                0.87621,                 0.7252,                 1.1329,              0.0007352,              0.0007352,              0.0007352
                    107,                0.47845,                0.34705,                0.90248,                0.95785,                0.78541,                 0.9041,                0.74173,                0.86124,                0.67266,                 1.1268,             0.00073025,             0.00073025,             0.00073025
                    108,                0.45533,                0.35823,                0.91667,                0.88949,                0.83443,                0.90701,                0.72743,                0.91397,                0.66025,                 1.1382,              0.0007253,              0.0007253,              0.0007253
                    109,                0.46468,                0.37301,                0.91624,                0.94239,                0.80474,                0.90542,                0.71679,                0.89764,                 0.6432,                 1.1236,             0.00072035,             0.00072035,             0.00072035
                    110,                 0.4833,                0.37863,                0.92536,                0.89908,                0.85895,                0.90395,                0.73452,                0.81871,                0.61421,                 1.0713,              0.0007154,              0.0007154,              0.0007154
                    111,                0.48171,                0.35604,                0.92137,                0.91302,                0.85467,                0.90248,                0.73084,                0.82585,                0.61446,                 1.0697,             0.00071045,             0.00071045,             0.00071045
                    112,                0.47673,                0.36334,                0.93729,                0.92954,                0.81481,                0.90663,                0.74098,                0.84519,                0.61872,                 1.0866,              0.0007055,              0.0007055,              0.0007055
                    113,                0.45012,                   0.36,                0.89124,                0.95249,                0.81962,                0.91002,                0.75002,                0.84702,                0.64128,                 1.0887,             0.00070055,             0.00070055,             0.00070055
                    114,                0.46045,                0.35219,                0.92104,                 0.9561,                0.82386,                0.90699,                0.73686,                0.87694,                0.65969,                 1.0958,              0.0006956,              0.0006956,              0.0006956
                    115,                0.47494,                0.40801,                0.92983,                0.96381,                0.78707,                0.90224,                0.73009,                0.90105,                0.67827,                 1.1104,             0.00069065,             0.00069065,             0.00069065
                    116,                0.44082,                0.33663,                0.90953,                0.97673,                 0.7962,                0.88965,                0.70493,                0.95371,                 0.7136,                 1.1418,              0.0006857,              0.0006857,              0.0006857
                    117,                0.44591,                0.34537,                0.89678,                0.97335,                 0.8063,                0.89114,                0.70347,                0.95805,                0.69334,                 1.1638,             0.00068075,             0.00068075,             0.00068075
                    118,                0.42849,                 0.3571,                 0.8918,                0.93213,                0.82324,                0.88614,                0.72591,                0.92753,                0.66842,                 1.1631,              0.0006758,              0.0006758,              0.0006758
                    119,                0.45582,                0.33889,                0.88504,                0.95522,                0.82324,                0.89662,                0.73565,                 0.8988,                0.64588,                 1.1412,             0.00067085,             0.00067085,             0.00067085
                    120,                0.48202,                0.37182,                0.92985,                0.90186,                0.84813,                0.89624,                0.72836,                0.89001,                0.64584,                 1.1381,              0.0006659,              0.0006659,              0.0006659
                    121,                0.44311,                0.33996,                0.91927,                0.91745,                0.85298,                0.89206,                0.72888,                0.88734,                0.63941,                   1.13,             0.00066095,             0.00066095,             0.00066095
                    122,                0.45385,                0.34331,                 0.9192,                0.89908,                0.87729,                0.89391,                0.73073,                0.85559,                0.64277,                 1.1034,               0.000656,               0.000656,               0.000656
                    123,                0.43492,                0.34119,                0.89005,                0.91881,                0.83908,                0.89876,                0.72976,                0.85435,                0.62913,                 1.1078,             0.00065105,             0.00065105,             0.00065105
                    124,                 0.4274,                0.33972,                0.90878,                0.86627,                0.84989,                0.89915,                0.72256,                0.85687,                0.62913,                 1.1196,              0.0006461,              0.0006461,              0.0006461
                    125,                0.42424,                0.32184,                0.89162,                 0.8108,                0.89921,                0.89983,                0.72566,                0.87673,                0.64963,                 1.1262,             0.00064115,             0.00064115,             0.00064115
                    126,                0.43095,                0.35461,                0.89969,                0.79988,                0.84187,                0.85934,                0.69653,                0.90566,                0.72472,                 1.1407,              0.0006362,              0.0006362,              0.0006362
                    127,                0.40432,                0.33241,                0.91031,                 0.8767,                0.79135,                0.88854,                0.69888,                0.90999,                0.76846,                 1.1479,             0.00063125,             0.00063125,             0.00063125
                    128,                0.42762,                0.31457,                0.88252,                 0.9179,                0.78253,                0.87434,                0.69698,                0.86511,                0.77642,                 1.1351,              0.0006263,              0.0006263,              0.0006263
                    129,                0.40926,                0.30888,                0.87645,                0.92517,                0.78185,                0.88261,                0.70047,                0.87688,                0.79335,                 1.1343,             0.00062135,             0.00062135,             0.00062135
                    130,                 0.4244,                0.33657,                 0.8985,                0.94334,                0.76514,                0.86168,                0.71278,                0.85258,                0.80634,                 1.1057,              0.0006164,              0.0006164,              0.0006164
                    131,                0.42626,                0.33563,                0.90686,                0.95599,                0.75633,                0.86093,                0.71409,                0.83523,                 0.7943,                 1.0949,             0.00061145,             0.00061145,             0.00061145
                    132,                 0.4183,                 0.3351,                0.90449,                 0.9327,                0.78355,                0.89325,                0.73841,                0.83789,                0.71697,                  1.089,              0.0006065,              0.0006065,              0.0006065
                    133,                0.40264,                0.31865,                0.88939,                0.91027,                0.83937,                0.89776,                0.75174,                0.83627,                0.69467,                 1.0889,             0.00060155,             0.00060155,             0.00060155
                    134,                0.41249,                0.31257,                0.88553,                 0.9251,                0.85948,                0.90789,                  0.757,                0.82961,                0.67289,                 1.0697,              0.0005966,              0.0005966,              0.0005966
                    135,                0.42763,                0.32884,                0.89164,                0.94391,                0.85315,                0.91347,                0.76282,                0.81171,                 0.6579,                 1.0562,             0.00059165,             0.00059165,             0.00059165
                    136,                0.37583,                0.29625,                0.86602,                0.94417,                0.85187,                0.91786,                0.75255,                0.83254,                0.66829,                  1.066,              0.0005867,              0.0005867,              0.0005867
                    137,                0.44089,                0.33939,                0.92259,                 0.9538,                0.84171,                0.93302,                 0.7619,                0.83472,                0.64557,                  1.069,             0.00058175,             0.00058175,             0.00058175
                    138,                0.39513,                0.31314,                0.87011,                0.94906,                0.85315,                0.92945,                0.75833,                0.83707,                0.64553,                 1.0585,              0.0005768,              0.0005768,              0.0005768
                    139,                0.41264,                0.31148,                0.90496,                0.94591,                0.84809,                0.92545,                0.75748,                0.84305,                0.65994,                 1.0604,             0.00057185,             0.00057185,             0.00057185
                    140,                0.38461,                0.30511,                0.87662,                0.93995,                0.82289,                 0.9139,                0.75451,                0.84987,                0.70997,                 1.0673,              0.0005669,              0.0005669,              0.0005669
                    141,                0.43264,                0.35621,                0.91155,                0.92226,                0.83203,                0.90494,                  0.738,                0.84654,                0.73142,                 1.0705,             0.00056195,             0.00056195,             0.00056195
                    142,                0.40629,                0.32453,                 0.8839,                0.94801,                0.76977,                0.88028,                 0.7271,                0.86589,                0.76036,                 1.0992,               0.000557,               0.000557,               0.000557
                    143,                0.40644,                 0.3133,                0.87716,                0.88911,                0.79287,                0.88086,                 0.7375,                 0.8588,                0.74269,                  1.095,             0.00055205,             0.00055205,             0.00055205
                    144,                0.41015,                0.31379,                0.88759,                0.87102,                0.84723,                0.89846,                0.74846,                0.83657,                0.67432,                  1.104,              0.0005471,              0.0005471,              0.0005471
                    145,                0.38043,                0.31555,                  0.895,                0.85964,                0.86015,                0.89893,                0.74707,                0.82755,                0.65166,                 1.1051,             0.00054215,             0.00054215,             0.00054215
                    146,                0.41855,                   0.35,                0.90392,                0.87971,                 0.8354,                 0.8994,                0.73559,                0.84339,                0.65492,                 1.1162,              0.0005372,              0.0005372,              0.0005372
                    147,                0.43036,                0.32945,                0.90324,                0.88295,                 0.8354,                0.89574,                0.73535,                0.85111,                0.65435,                 1.1219,             0.00053225,             0.00053225,             0.00053225
                    148,                0.39781,                0.33132,                0.89648,                0.90434,                0.84327,                0.90818,                0.74103,                0.86531,                0.68836,                 1.1299,              0.0005273,              0.0005273,              0.0005273
                    149,                0.40538,                0.32052,                0.87944,                0.87461,                0.84814,                0.89478,                0.74801,                0.86901,                0.67585,                 1.1289,             0.00052235,             0.00052235,             0.00052235
                    150,                0.40938,                0.30049,                0.87364,                0.90695,                0.85428,                0.89749,                0.74648,                0.85956,                0.63531,                 1.1278,              0.0005174,              0.0005174,              0.0005174
                    151,                0.39927,                0.31919,                0.89391,                 0.8724,                0.86252,                0.89533,                0.74705,                0.86954,                0.64949,                 1.1318,             0.00051245,             0.00051245,             0.00051245
                    152,                0.36457,                0.29124,                0.86327,                0.84113,                0.85527,                0.89551,                0.73549,                0.86812,                0.61145,                 1.1294,              0.0005075,              0.0005075,              0.0005075
                    153,                0.37934,                0.29262,                0.87236,                0.90158,                0.83787,                0.90654,                0.73822,                0.87257,                0.61856,                  1.134,             0.00050255,             0.00050255,             0.00050255
                    154,                0.39776,                0.29631,                0.88353,                0.86291,                0.81882,                0.89509,                0.74597,                0.85601,                 0.6167,                 1.1206,              0.0004976,              0.0004976,              0.0004976
                    155,                0.36418,                0.29482,                 0.8885,                0.88373,                0.83018,                0.89041,                0.73711,                0.86119,                0.63321,                 1.1264,             0.00049265,             0.00049265,             0.00049265
                    156,                 0.3882,                0.29587,                0.88938,                 0.8888,                0.81686,                 0.8904,                 0.7252,                0.87838,                0.65744,                 1.1376,              0.0004877,              0.0004877,              0.0004877
                    157,                0.38714,                0.30436,                0.87151,                 0.8961,                0.82703,                0.88108,                0.71762,                 0.8913,                0.65915,                 1.1373,             0.00048275,             0.00048275,             0.00048275
                    158,                0.36921,                0.28272,                0.85146,                0.86153,                0.83254,                0.88391,                0.72492,                 0.8964,                0.62216,                 1.1281,              0.0004778,              0.0004778,              0.0004778
                    159,                0.39655,                0.30744,                0.88622,                0.85703,                0.83016,                0.87776,                0.72417,                0.88335,                0.60988,                 1.1145,             0.00047285,             0.00047285,             0.00047285
                    160,                0.37249,                0.28022,                0.87733,                0.86695,                0.84618,                0.88529,                0.72351,                0.86434,                0.63364,                 1.0971,              0.0004679,              0.0004679,              0.0004679
                    161,                0.36184,                0.26871,                0.86055,                0.85957,                0.83569,                0.87728,                 0.7264,                0.85321,                0.63477,                 1.0853,             0.00046295,             0.00046295,             0.00046295
                    162,                0.38201,                0.31699,                0.91023,                0.93463,                0.83178,                0.89859,                0.73734,                0.87542,                0.61733,                 1.1022,               0.000458,               0.000458,               0.000458
                    163,                0.35807,                0.28493,                0.85999,                0.92305,                 0.8338,                0.90116,                0.73346,                0.86645,                0.61373,                 1.0979,             0.00045305,             0.00045305,             0.00045305
                    164,                0.40157,                0.30759,                0.88679,                  0.932,                0.85094,                0.91048,                0.73851,                0.87075,                0.58147,                 1.1072,              0.0004481,              0.0004481,              0.0004481
                    165,                0.36683,                0.29076,                0.87251,                0.94079,                0.85598,                0.90991,                0.74176,                 0.8639,                0.57863,                 1.1055,             0.00044315,             0.00044315,             0.00044315
                    166,                 0.3777,                0.29205,                0.88665,                0.93891,                0.85402,                0.90613,                0.75464,                0.84931,                0.60318,                 1.1069,              0.0004382,              0.0004382,              0.0004382
                    167,                0.35902,                0.28415,                 0.8728,                0.95679,                0.85161,                0.90575,                0.75664,                 0.8454,                0.61755,                 1.1115,             0.00043325,             0.00043325,             0.00043325
                    168,                0.35545,                0.26847,                0.87373,                0.94879,                0.83937,                0.90298,                 0.7538,                  0.842,                0.65724,                 1.1148,              0.0004283,              0.0004283,              0.0004283
                    169,                0.38716,                0.30933,                0.87495,                0.94195,                0.82793,                0.90166,                0.75163,                0.83703,                0.66614,                 1.1152,             0.00042335,             0.00042335,             0.00042335
                    170,                 0.3838,                0.31586,                0.89263,                0.93897,                0.80625,                0.89311,                0.74286,                0.84481,                0.70908,                 1.1196,              0.0004184,              0.0004184,              0.0004184
                    171,                0.36233,                0.27159,                0.86132,                0.92325,                 0.8188,                0.89192,                0.74666,                0.84935,                 0.7402,                 1.1191,             0.00041345,             0.00041345,             0.00041345
                    172,                 0.3849,                0.28678,                0.88044,                0.93448,                0.81722,                0.89778,                0.73885,                0.84387,                0.73897,                 1.1039,              0.0004085,              0.0004085,              0.0004085
                    173,                0.37434,                0.27646,                0.86801,                0.92467,                0.82569,                0.89459,                0.73701,                0.83705,                0.71982,                 1.0966,             0.00040355,             0.00040355,             0.00040355
                    174,                0.37067,                0.30308,                0.87273,                0.91185,                0.84134,                0.90208,                0.73664,                0.83741,                0.64731,                 1.0896,              0.0003986,              0.0003986,              0.0003986
                    175,                0.35678,                0.28971,                0.87299,                0.91193,                0.84915,                0.90717,                0.73787,                0.82999,                0.62027,                 1.0875,             0.00039365,             0.00039365,             0.00039365
                    176,                0.35138,                0.28208,                0.86734,                0.91863,                0.85985,                0.90464,                0.74584,                0.81797,                0.57019,                 1.0813,              0.0003887,              0.0003887,              0.0003887
                    177,                0.35236,                0.28012,                0.87809,                0.92073,                 0.8616,                0.90595,                0.74866,                 0.8217,                 0.5584,                  1.087,             0.00038375,             0.00038375,             0.00038375
                    178,                0.34515,                 0.2682,                0.84731,                0.93907,                 0.8627,                0.91215,                0.74403,                0.84091,                0.55227,                 1.1035,              0.0003788,              0.0003788,              0.0003788
                    179,                0.34656,                0.28422,                0.87094,                0.95053,                0.86653,                0.91144,                0.74535,                0.83087,                0.55213,                 1.0927,             0.00037385,             0.00037385,             0.00037385
                    180,                0.36389,                0.29266,                0.85907,                0.96759,                0.85546,                0.91312,                0.75425,                0.81795,                0.53302,                 1.0846,              0.0003689,              0.0003689,              0.0003689
                    181,                0.33533,                0.27455,                0.85952,                0.95648,                0.86209,                0.91422,                0.75214,                0.81921,                0.52885,                 1.0862,             0.00036395,             0.00036395,             0.00036395
                    182,                0.34547,                0.27661,                0.89776,                0.96061,                0.85556,                0.91456,                0.74748,                0.84177,                0.56786,                 1.1148,               0.000359,               0.000359,               0.000359
                    183,                0.36134,                0.29615,                0.88873,                0.96235,                0.85522,                0.91497,                0.73979,                0.85389,                0.57811,                 1.1159,             0.00035405,             0.00035405,             0.00035405
                    184,                 0.3539,                0.28409,                0.85061,                0.93852,                 0.8308,                0.88568,                0.73425,                0.87086,                0.60408,                 1.1279,              0.0003491,              0.0003491,              0.0003491
                    185,                0.34632,                0.26869,                0.88948,                0.96187,                0.86048,                0.90643,                0.74437,                 0.8766,                0.61237,                 1.1274,             0.00034415,             0.00034415,             0.00034415
                    186,                0.35266,                0.27353,                0.86211,                0.94506,                0.86661,                0.90522,                0.74834,                0.88331,                0.65484,                 1.1313,              0.0003392,              0.0003392,              0.0003392
                    187,                0.36275,                0.28975,                0.89483,                0.93394,                0.86721,                0.90497,                0.74219,                0.88982,                0.66344,                 1.1394,             0.00033425,             0.00033425,             0.00033425
                    188,                0.34838,                0.27371,                0.85373,                0.92518,                0.86485,                0.90838,                0.74715,                0.88837,                0.64932,                  1.148,              0.0003293,              0.0003293,              0.0003293
                    189,                0.34823,                0.29272,                0.88394,                 0.9458,                0.86209,                0.91212,                0.74505,                 0.8821,                0.63161,                 1.1412,             0.00032435,             0.00032435,             0.00032435
                    190,                0.34484,                0.28685,                0.88076,                0.93343,                0.86059,                 0.9122,                0.73428,                0.88276,                0.60742,                 1.1322,              0.0003194,              0.0003194,              0.0003194
                    191,                0.34504,                0.26139,                0.87005,                0.93393,                0.85934,                0.91153,                0.74003,                0.88529,                0.60326,                 1.1327,             0.00031445,             0.00031445,             0.00031445
                    192,                0.34827,                0.28445,                0.86888,                0.94087,                0.84903,                0.91007,                   0.73,                0.86955,                0.62391,                 1.1211,              0.0003095,              0.0003095,              0.0003095
                    193,                0.34078,                0.26529,                0.86359,                0.95456,                 0.8449,                0.90958,                0.74162,                0.86585,                0.62972,                 1.1179,             0.00030455,             0.00030455,             0.00030455
                    194,                0.34961,                0.27079,                0.87268,                0.94161,                0.84716,                 0.9047,                0.74747,                0.85753,                0.62199,                  1.121,              0.0002996,              0.0002996,              0.0002996
                    195,                0.33516,                0.25089,                0.83956,                0.92028,                0.85491,                0.90336,                0.74137,                0.86509,                0.62272,                 1.1236,             0.00029465,             0.00029465,             0.00029465
                    196,                0.32285,                0.26565,                 0.8733,                0.95209,                0.80857,                0.88519,                0.73801,                0.88676,                0.64893,                 1.1325,              0.0002897,              0.0002897,              0.0002897
                    197,                0.32559,                0.25123,                0.87176,                0.93395,                0.81556,                0.88429,                0.73562,                 0.8892,                0.65941,                 1.1347,             0.00028475,             0.00028475,             0.00028475
                    198,                0.34911,                0.27364,                0.87475,                0.90108,                0.82868,                0.88806,                0.72776,                0.87292,                 0.6937,                 1.1322,              0.0002798,              0.0002798,              0.0002798
                    199,                0.31175,                0.24738,                0.86007,                 0.9143,                0.82933,                0.87767,                0.73381,                0.86551,                0.70649,                 1.1265,             0.00027485,             0.00027485,             0.00027485
                    200,                0.32679,                0.25516,                0.86983,                0.91914,                0.84054,                0.89405,                0.74131,                0.86178,                0.71003,                 1.1264,              0.0002699,              0.0002699,              0.0002699
                    201,                0.32919,                0.26009,                 0.8662,                0.94583,                0.83143,                0.90045,                0.73953,                0.86615,                0.68836,                 1.1313,             0.00026495,             0.00026495,             0.00026495
                    202,                0.34351,                0.27296,                0.87432,                0.94482,                0.86457,                 0.9057,                0.73553,                0.87511,                0.68716,                 1.1219,                0.00026,                0.00026,                0.00026
                    203,                0.30788,                0.25218,                0.84771,                 0.9359,                 0.8588,                 0.8963,                 0.7333,                0.87481,                0.68915,                 1.1174,             0.00025505,             0.00025505,             0.00025505
                    204,                0.35046,                0.28115,                0.87806,                0.92525,                0.85803,                0.90172,                0.74195,                0.86344,                 0.6541,                 1.1137,              0.0002501,              0.0002501,              0.0002501
                    205,                0.32216,                0.25595,                0.86112,                0.90308,                0.86315,                0.90183,                0.74277,                0.86435,                0.65628,                 1.1172,             0.00024515,             0.00024515,             0.00024515
                    206,                0.33751,                0.26166,                0.89069,                 0.9079,                 0.8669,                0.90437,                0.74347,                0.86737,                0.65375,                 1.1251,              0.0002402,              0.0002402,              0.0002402
                    207,                0.34676,                0.28376,                 0.8735,                0.90764,                0.86255,                0.90129,                0.74038,                  0.864,                0.65062,                 1.1261,             0.00023525,             0.00023525,             0.00023525
                    208,                0.35448,                0.28226,                0.89663,                0.90959,                0.84896,                 0.9002,                0.74658,                0.84034,                0.64941,                 1.0918,              0.0002303,              0.0002303,              0.0002303
                    209,                0.32772,                0.24904,                0.86005,                0.92321,                0.83991,                0.89941,                0.75109,                0.82783,                0.64349,                 1.0806,             0.00022535,             0.00022535,             0.00022535
                    210,                0.29965,                0.26542,                0.84957,                0.93093,                0.84633,                0.90269,                0.75985,                0.82525,                 0.6284,                 1.0798,              0.0002204,              0.0002204,              0.0002204
                    211,                0.32222,                0.25572,                0.84876,                0.93314,                0.84841,                0.90203,                0.75904,                 0.8238,                0.61364,                 1.0798,             0.00021545,             0.00021545,             0.00021545
                    212,                0.33097,                0.27651,                0.87378,                0.94217,                0.85072,                0.90976,                0.75793,                0.82256,                0.61991,                  1.077,              0.0002105,              0.0002105,              0.0002105
                    213,                0.30445,                0.24756,                0.85476,                0.94343,                0.85537,                0.91189,                0.76523,                0.83214,                0.63862,                 1.0832,             0.00020555,             0.00020555,             0.00020555
                    214,                  0.323,                 0.2582,                 0.8814,                0.94079,                0.87036,                 0.9166,                0.75958,                0.83402,                  0.618,                 1.0887,              0.0002006,              0.0002006,              0.0002006
                    215,                0.32391,                0.26877,                0.86644,                0.93981,                0.87337,                0.91939,                0.75512,                0.83651,                0.61971,                 1.0915,             0.00019565,             0.00019565,             0.00019565
                    216,                0.31323,                 0.2579,                0.86046,                0.96056,                0.86559,                0.91396,                0.75524,                0.84935,                0.65273,                 1.1078,              0.0001907,              0.0001907,              0.0001907
                    217,                0.31057,                0.24191,                0.85461,                0.95178,                0.85674,                0.91167,                0.75266,                0.85353,                0.65859,                 1.1171,             0.00018575,             0.00018575,             0.00018575
                    218,                0.30158,                0.24947,                 0.8641,                0.95385,                 0.8585,                0.91486,                0.74752,                0.85917,                 0.6695,                 1.1225,              0.0001808,              0.0001808,              0.0001808
                    219,                0.30895,                0.25355,                0.85453,                 0.9547,                0.85649,                 0.9104,                0.74974,                0.86211,                0.67865,                 1.1249,             0.00017585,             0.00017585,             0.00017585
                    220,                0.31244,                0.24844,                0.85055,                0.89268,                0.83609,                0.87834,                0.75217,                0.85985,                  0.673,                 1.1262,              0.0001709,              0.0001709,              0.0001709
                    221,                0.32603,                0.25735,                0.85199,                0.91924,                 0.8285,                0.88087,                0.75122,                0.85577,                0.66664,                 1.1242,             0.00016595,             0.00016595,             0.00016595
                    222,                0.30734,                0.26091,                0.86184,                0.89213,                0.84103,                 0.8808,                0.75017,                 0.8534,                0.65689,                 1.1191,               0.000161,               0.000161,               0.000161
                    223,                 0.2818,                  0.251,                0.85205,                 0.9459,                0.81671,                0.88732,                0.74711,                0.85158,                0.65888,                 1.1161,             0.00015605,             0.00015605,             0.00015605
                    224,                0.31607,                0.24039,                0.87614,                0.89874,                0.83387,                0.88504,                0.75131,                0.84901,                0.66728,                 1.1101,              0.0001511,              0.0001511,              0.0001511
                    225,                0.26892,                0.22545,                0.83668,                0.91092,                0.82871,                0.88401,                0.75006,                0.85357,                0.67608,                 1.1117,             0.00014615,             0.00014615,             0.00014615
                    226,                0.30595,                0.25585,                0.85917,                0.89501,                0.84038,                0.87877,                0.75349,                0.84989,                0.67663,                 1.1085,              0.0001412,              0.0001412,              0.0001412
                    227,                0.29118,                0.23839,                0.85877,                0.89595,                 0.8414,                0.88063,                0.75516,                0.85216,                0.66855,                 1.1062,             0.00013625,             0.00013625,             0.00013625
                    228,                0.30359,                0.25211,                0.85223,                0.89645,                0.83975,                0.87835,                0.74973,                0.84408,                0.65742,                  1.101,              0.0001313,              0.0001313,              0.0001313
                    229,                0.29885,                0.25671,                0.85694,                0.89466,                0.83996,                0.87966,                0.74719,                 0.8436,                0.66348,                 1.1032,             0.00012635,             0.00012635,             0.00012635
                    230,                0.29559,                0.25585,                0.86332,                0.91944,                0.82444,                0.88463,                0.74552,                0.84864,                 0.6784,                  1.111,              0.0001214,              0.0001214,              0.0001214
                    231,                0.30802,                0.23554,                 0.8663,                0.91393,                0.82572,                0.88336,                0.74655,                0.85041,                0.67446,                 1.1131,             0.00011645,             0.00011645,             0.00011645
                    232,                0.32364,                0.26711,                0.86963,                0.91769,                0.82619,                0.88399,                0.74783,                0.84949,                0.65572,                  1.115,              0.0001115,              0.0001115,              0.0001115
                    233,                0.28112,                0.23547,                0.86266,                0.92769,                0.82638,                 0.8839,                0.74823,                0.85538,                0.65111,                 1.1204,             0.00010655,             0.00010655,             0.00010655
                    234,                0.29446,                0.24158,                0.86168,                0.92514,                0.82808,                0.88339,                0.74827,                0.85132,                0.65139,                 1.1173,              0.0001016,              0.0001016,              0.0001016
                    235,                0.30771,                0.25539,                 0.8798,                0.92292,                0.82766,                0.88482,                0.75028,                 0.8513,                0.65691,                  1.113,              9.665e-05,              9.665e-05,              9.665e-05
                    236,                0.27166,                0.21545,                0.84045,                0.90298,                0.82214,                0.88686,                0.75388,                0.85588,                0.66369,                 1.1135,               9.17e-05,               9.17e-05,               9.17e-05
                    237,                0.29476,                0.23769,                 0.8608,                0.93153,                0.84926,                0.90531,                0.75733,                0.85911,                0.66229,                 1.1133,              8.675e-05,              8.675e-05,              8.675e-05
                    238,                0.30268,                0.25115,                0.86347,                0.93695,                0.84337,                0.90241,                0.75815,                0.86003,                0.65888,                 1.1158,               8.18e-05,               8.18e-05,               8.18e-05
                    239,                0.27773,                0.23809,                0.85065,                0.92111,                0.86135,                0.90511,                 0.7594,                0.85861,                0.65633,                 1.1146,              7.685e-05,              7.685e-05,              7.685e-05
                    240,                0.29458,                0.23535,                0.85637,                0.91118,                 0.8603,                0.90543,                0.76187,                0.85661,                0.64621,                 1.1111,               7.19e-05,               7.19e-05,               7.19e-05
                    241,                0.27437,                0.23223,                0.82059,                0.92523,                0.84905,                 0.8991,                0.76239,                  0.859,                0.65194,                 1.1155,              6.695e-05,              6.695e-05,              6.695e-05
                    242,                0.29072,                0.23539,                0.85277,                0.94782,                0.83758,                 0.8986,                0.76217,                0.85632,                0.66639,                 1.1177,                6.2e-05,                6.2e-05,                6.2e-05
                    243,                0.27302,                0.21131,                0.84839,                 0.9134,                0.84182,                0.89595,                0.75224,                0.85416,                0.67736,                 1.1188,              5.705e-05,              5.705e-05,              5.705e-05
                    244,                0.25641,                0.20679,                0.83784,                0.93408,                0.84083,                0.89242,                0.74884,                0.85405,                0.68419,                 1.1223,               5.21e-05,               5.21e-05,               5.21e-05
                    245,                0.24911,                0.20068,                0.83529,                0.93507,                 0.8415,                0.88888,                0.74165,                0.85429,                0.69454,                 1.1222,              4.715e-05,              4.715e-05,              4.715e-05
                    246,                0.25677,                0.20015,                0.83126,                0.91068,                0.83308,                0.87275,                0.73675,                 0.8606,                0.71667,                  1.124,               4.22e-05,               4.22e-05,               4.22e-05
                    247,                0.27368,                0.20392,                0.82858,                0.93554,                 0.8142,                0.87029,                0.73512,                 0.8615,                0.71701,                 1.1239,              3.725e-05,              3.725e-05,              3.725e-05
                    248,                0.27379,                0.20754,                0.83515,                0.90409,                0.79354,                0.86517,                0.72823,                0.86295,                0.72891,                 1.1274,               3.23e-05,               3.23e-05,               3.23e-05
                    249,                0.27401,                0.20499,                0.80954,                0.88654,                0.80328,                0.86396,                0.72596,                0.86554,                0.73162,                 1.1295,              2.735e-05,              2.735e-05,              2.735e-05
                    250,                0.26387,                0.19817,                0.82307,                0.88203,                 0.8063,                0.85979,                0.72436,                 0.8631,                0.74774,                 1.1278,               2.24e-05,               2.24e-05,               2.24e-05
